size,list_c
0,1
1,2
2,3
3,3
4,5
5,6
6,7
7,7
8,9
9,10
10,11
11,12
12,12
13,12
14,15
15,16
16,17
17,17
18,19
19,19
20,21
21,21
22,23
23,23
24,23
25,26
26,26
27,28
28,29
29,30
30,30
31,32
32,33
33,34
34,34
35,36
36,36
37,36
38,39
39,39
40,41
41,41
42,43
43,43
44,45
45,45
46,47
47,47
48,47
49,50
50,50
51,52
52,53
53,53
54,53
55,56
56,57
57,58
58,58
59,60
60,61
61,62
62,63
63,63
64,65
65,66
66,67
67,68
68,68
69,68
70,71
71,72
72,72
73,74
74,75
75,75
76,77
77,78
78,79
79,79
80,81
81,81
82,83
83,84
84,84
85,86
86,86
87,88
88,88
89,88
90,88
91,88
92,93
93,93
94,95
95,95
96,97
97,98
98,99
99,100
100,100
101,102
102,102
103,104
104,105
105,106
106,107
107,108
108,109
109,110
110,110
111,112
112,113
113,114
114,114
115,116
116,116
117,116
118,119
119,119
120,121
121,122
122,123
123,123
124,123
125,126
126,127
127,128
128,128
129,130
130,131
131,132
132,132
133,134
134,134
135,134
136,137
137,137
138,139
139,140
140,140
141,140
142,143
143,144
144,145
145,145
146,145
147,148
148,149
149,150
150,150
151,152
152,152
153,152
154,155
155,155
156,155
157,158
158,158
159,160
160,161
161,162
162,163
163,163
164,165
165,166
166,167
167,168
168,169
169,169
170,171
171,172
172,173
173,173
174,175
175,176
176,177
177,178
178,179
179,180
180,181
181,182
182,182
183,182
184,185
185,185
186,187
187,187
188,187
189,190
190,191
191,191
192,193
193,194
194,195
195,196
196,197
197,198
198,199
199,200
200,200
201,202
202,202
203,204
204,204
205,206
206,207
207,208
208,208
209,208
210,211
211,212
212,212
213,214
214,215
215,216
216,216
217,216
218,219
219,220
220,221
221,222
222,223
223,224
224,225
225,226
226,227
227,228
228,228
229,230
230,230
231,232
232,232
233,234
234,235
235,235
236,235
237,238
238,239
239,240
240,240
241,242
242,242
243,244
244,244
245,244
246,247
247,247
248,249
249,249
250,251
251,251
252,251
253,254
254,255
255,256
256,256
257,258
258,258
259,260
260,261
261,262
262,263
263,263
264,265
265,266
266,266
267,268
268,268
269,270
270,270
271,272
272,272
273,274
274,274
275,274
276,277
277,277
278,277
279,280
280,280
281,282
282,283
283,284
284,284
285,286
286,286
287,286
288,289
289,290
290,290
291,290
292,293
293,294
294,295
295,296
296,297
297,298
298,298
299,300
300,300
301,300
302,300
303,300
304,300
305,306
306,307
307,308
308,308
309,308
310,308
311,312
312,312
313,314
314,314
315,316
316,317
317,318
318,318
319,320
320,320
321,322
322,323
323,324
324,324
325,326
326,327
327,328
328,329
329,329
330,331
331,332
332,333
333,334
334,335
335,336
336,336
337,336
338,339
339,340
340,340
341,342
342,343
343,343
344,343
345,346
346,347
347,347
348,349
349,350
350,351
351,352
352,352
353,354
354,355
355,356
356,356
357,358
358,358
359,360
360,361
361,362
362,362
363,362
364,365
365,366
366,367
367,368
368,369
369,369
370,371
371,372
372,372
373,374
374,375
375,376
376,377
377,377
378,377
379,380
380,380
381,382
382,383
383,384
384,385
385,385
386,387
387,388
388,388
389,390
390,391
391,392
392,393
393,394
394,394
395,396
396,397
397,398
398,398
399,398
400,398
401,402
402,403
403,404
404,404
405,406
406,407
407,408
408,409
409,409
410,411
411,412
412,413
413,413
414,415
415,416
416,416
417,418
418,419
419,420
420,421
421,421
422,423
423,424
424,425
425,425
426,427
427,428
428,428
429,428
430,431
431,432
432,432
433,432
434,435
435,435
436,437
437,438
438,439
439,440
440,441
441,442
442,442
443,442
444,445
445,445
446,447
447,448
448,448
449,448
450,448
451,452
452,453
453,454
454,455
455,455
456,457
457,457
458,459
459,460
460,460
461,460
462,463
463,463
464,465
465,465
466,465
467,468
468,469
469,469
470,471
471,471
472,473
473,474
474,475
475,476
476,476
477,478
478,479
479,480
480,480
481,482
482,483
483,484
484,484
485,486
486,487
487,488
488,488
489,488
490,491
491,491
492,493
493,494
494,494
495,494
496,494
497,498
498,498
499,498
500,501
501,502
502,502
503,504
504,504
505,506
506,507
507,508
508,508
509,510
510,511
511,512
512,513
513,513
514,515
515,516
516,517
517,518
518,519
519,519
520,521
521,522
522,522
523,524
524,525
525,525
526,527
527,527
528,529
529,530
530,531
531,531
532,531
533,534
534,535
535,536
536,536
537,536
538,539
539,539
540,539
541,542
542,543
543,543
544,545
545,545
546,547
547,548
548,549
549,549
550,551
551,551
552,553
553,553
554,555
555,556
556,557
557,558
558,558
559,560
560,561
561,562
562,563
563,564
564,565
565,565
566,565
567,568
568,568
569,570
570,570
571,570
572,573
573,574
574,575
575,575
576,577
577,577
578,579
579,580
580,580
581,582
582,583
583,583
584,585
585,585
586,585
587,588
588,588
589,590
590,591
591,591
592,593
593,593
594,595
595,596
596,597
597,598
598,598
599,598
600,601
601,602
602,603
603,604
604,605
605,605
606,607
607,608
608,608
609,610
610,611
611,611
612,613
613,613
614,615
615,616
616,617
617,617
618,617
619,620
620,621
621,622
622,622
623,624
624,624
625,624
626,627
627,627
628,629
629,629
630,629
631,632
632,632
633,634
634,634
635,636
636,637
637,638
638,639
639,640
640,640
641,642
642,643
643,644
644,645
645,646
646,647
647,647
648,649
649,650
650,650
651,652
652,653
653,653
654,655
655,656
656,657
657,658
658,659
659,660
660,660
661,660
662,663
663,664
664,665
665,666
666,666
667,666
668,669
669,669
670,669
671,669
672,673
673,674
674,675
675,675
676,677
677,677
678,679
679,679
680,681
681,681
682,683
683,684
684,684
685,684
686,687
687,687
688,689
689,690
690,690
691,690
692,693
693,693
694,695
695,695
696,697
697,697
698,697
699,700
700,701
701,701
702,703
703,704
704,704
705,704
706,704
707,708
708,709
709,710
710,711
711,711
712,713
713,714
714,714
715,714
716,717
717,718
718,719
719,720
720,721
721,722
722,723
723,723
724,725
725,726
726,727
727,727
728,729
729,730
730,731
731,731
732,733
733,734
734,735
735,736
736,737
737,737
738,739
739,739
740,741
741,741
742,743
743,744
744,745
745,746
746,747
747,748
748,749
749,749
750,749
751,749
752,753
753,754
754,754
755,756
756,756
757,756
758,759
759,760
760,760
761,762
762,762
763,764
764,764
765,766
766,767
767,768
768,768
769,770
770,771
771,772
772,773
773,774
774,774
775,776
776,777
777,778
778,779
779,780
780,781
781,781
782,781
783,784
784,785
785,786
786,787
787,788
788,788
789,790
790,791
791,792
792,792
793,792
794,795
795,796
796,797
797,798
798,798
799,800
800,801
801,802
802,802
803,802
804,805
805,806
806,806
807,808
808,809
809,810
810,811
811,812
812,812
813,812
814,815
815,815
816,815
817,818
818,819
819,819
820,821
821,822
822,823
823,823
824,823
825,826
826,827
827,827
828,829
829,829
830,831
831,831
832,833
833,833
834,835
835,835
836,837
837,837
838,839
839,839
840,839
841,842
842,843
843,843
844,843
845,843
846,847
847,847
848,849
849,849
850,851
851,851
852,853
853,854
854,855
855,855
856,857
857,858
858,859
859,859
860,861
861,862
862,863
863,863
864,865
865,865
866,867
867,868
868,868
869,868
870,871
871,872
872,873
873,873
874,873
875,876
876,876
877,878
878,879
879,880
880,880
881,880
882,883
883,884
884,885
885,886
886,887
887,887
888,889
889,889
890,891
891,891
892,893
893,894
894,895
895,896
896,897
897,898
898,899
899,899
900,899
901,902
902,903
903,904
904,904
905,904
906,907
907,908
908,909
909,910
910,911
911,912
912,912
913,912
914,912
915,912
916,912
917,918
918,918
919,918
920,918
921,922
922,922
923,924
924,925
925,925
926,927
927,927
928,929
929,929
930,931
931,931
932,933
933,933
934,935
935,935
936,937
937,938
938,938
939,940
940,941
941,943
942,943
943,945
944,946
945,947
946,948
947,949
948,950
949,950
950,952
951,952
952,954
953,955
954,956
955,957
956,957
957,959
958,959
959,961
960,961
961,961
962,964
963,964
964,964
965,964
966,968
967,968
968,970
969,971
970,971
971,973
972,973
973,975
974,976
975,977
976,978
977,979
978,980
979,981
980,982
981,982
982,982
983,985
984,985
985,987
986,988
987,989
988,990
989,990
990,990
991,990
992,990
993,995
994,996
995,997
996,998
997,998
998,1000
999,1000
1000,1002
1001,1002
1002,1004
1003,1004
1004,1006
1005,1007
1006,1007
1007,1009
1008,1010
1009,1010
1010,1012
1011,1012
1012,1014
1013,1014
1014,1014
1015,1017
1016,1018
1017,1018
1018,1018
1019,1021
1020,1021
1021,1023
1022,1023
1023,1025
1024,1026
1025,1027
1026,1028
1027,1029
1028,1030
1029,1031
1030,1031
1031,1033
1032,1033
1033,1035
1034,1036
1035,1037
1036,1037
1037,1039
1038,1040
1039,1040
1040,1040
1041,1043
1042,1043
1043,1043
1044,1043
1045,1047
1046,1047
1047,1049
1048,1049
1049,1051
1050,1051
1051,1053
1052,1054
1053,1055
1054,1056
1055,1056
1056,1056
1057,1056
1058,1060
1059,1061
1060,1062
1061,1063
1062,1064
1063,1064
1064,1064
1065,1067
1066,1067
1067,1069
1068,1070
1069,1070
1070,1070
1071,1070
1072,1074
1073,1074
1074,1076
1075,1077
1076,1078
1077,1079
1078,1080
1079,1081
1080,1082
1081,1082
1082,1084
1083,1085
1084,1086
1085,1086
1086,1088
1087,1088
1088,1088
1089,1091
1090,1092
1091,1093
1092,1093
1093,1095
1094,1095
1095,1095
1096,1098
1097,1099
1098,1099
1099,1101
1100,1102
1101,1102
1102,1104
1103,1105
1104,1106
1105,1106
1106,1106
1107,1106
1108,1110
1109,1110
1110,1112
1111,1113
1112,1114
1113,1115
1114,1116
1115,1116
1116,1118
1117,1119
1118,1119
1119,1121
1120,1122
1121,1122
1122,1122
1123,1122
1124,1126
1125,1127
1126,1128
1127,1128
1128,1128
1129,1131
1130,1131
1131,1133
1132,1134
1133,1134
1134,1136
1135,1136
1136,1136
1137,1139
1138,1140
1139,1141
1140,1141
1141,1143
1142,1144
1143,1145
1144,1145
1145,1147
1146,1147
1147,1149
1148,1149
1149,1151
1150,1151
1151,1153
1152,1153
1153,1153
1154,1156
1155,1157
1156,1158
1157,1158
1158,1160
1159,1160
1160,1162
1161,1162
1162,1164
1163,1164
1164,1164
1165,1167
1166,1168
1167,1169
1168,1169
1169,1171
1170,1171
1171,1173
1172,1174
1173,1175
1174,1176
1175,1176
1176,1178
1177,1179
1178,1180
1179,1180
1180,1180
1181,1183
1182,1184
1183,1184
1184,1186
1185,1187
1186,1188
1187,1189
1188,1190
1189,1191
1190,1192
1191,1192
1192,1194
1193,1195
1194,1195
1195,1197
1196,1197
1197,1199
1198,1199
1199,1201
1200,1201
1201,1201
1202,1201
1203,1205
1204,1206
1205,1207
1206,1208
1207,1208
1208,1210
1209,1211
1210,1212
1211,1213
1212,1213
1213,1213
1214,1213
1215,1217
1216,1218
1217,1219
1218,1220
1219,1220
1220,1222
1221,1222
1222,1224
1223,1225
1224,1225
1225,1227
1226,1228
1227,1229
1228,1230
1229,1231
1230,1232
1231,1232
1232,1232
1233,1235
1234,1236
1235,1236
1236,1238
1237,1238
1238,1240
1239,1240
1240,1242
1241,1242
1242,1242
1243,1245
1244,1245
1245,1247
1246,1248
1247,1248
1248,1250
1249,1250
1250,1252
1251,1253
1252,1254
1253,1255
1254,1256
1255,1257
1256,1257
1257,1259
1258,1260
1259,1261
1260,1262
1261,1263
1262,1263
1263,1265
1264,1265
1265,1267
1266,1268
1267,1269
1268,1270
1269,1270
1270,1272
1271,1273
1272,1273
1273,1273
1274,1276
1275,1277
1276,1277
1277,1279
1278,1280
1279,1280
1280,1280
1281,1283
1282,1283
1283,1283
1284,1286
1285,1286
1286,1288
1287,1288
1288,1290
1289,1291
1290,1292
1291,1292
1292,1292
1293,1295
1294,1296
1295,1297
1296,1297
1297,1299
1298,1299
1299,1301
1300,1301
1301,1301
1302,1304
1303,1304
1304,1306
1305,1307
1306,1308
1307,1308
1308,1308
1309,1311
1310,1311
1311,1313
1312,1314
1313,1315
1314,1315
1315,1317
1316,1317
1317,1319
1318,1319
1319,1321
1320,1322
1321,1322
1322,1324
1323,1324
1324,1324
1325,1327
1326,1327
1327,1327
1328,1330
1329,1331
1330,1331
1331,1333
1332,1333
1333,1335
1334,1335
1335,1337
1336,1338
1337,1338
1338,1340
1339,1340
1340,1342
1341,1342
1342,1344
1343,1345
1344,1345
1345,1345
1346,1348
1347,1349
1348,1349
1349,1349
1350,1349
1351,1353
1352,1354
1353,1355
1354,1356
1355,1357
1356,1357
1357,1359
1358,1359
1359,1359
1360,1362
1361,1362
1362,1364
1363,1364
1364,1366
1365,1367
1366,1367
1367,1367
1368,1370
1369,1370
1370,1372
1371,1373
1372,1374
1373,1375
1374,1376
1375,1377
1376,1377
1377,1379
1378,1380
1379,1380
1380,1382
1381,1383
1382,1384
1383,1385
1384,1385
1385,1385
1386,1388
1387,1389
1388,1390
1389,1391
1390,1392
1391,1392
1392,1392
1393,1395
1394,1395
1395,1395
1396,1398
1397,1399
1398,1400
1399,1401
1400,1401
1401,1403
1402,1404
1403,1405
1404,1405
1405,1407
1406,1407
1407,1409
1408,1410
1409,1410
1410,1410
1411,1413
1412,1413
1413,1415
1414,1416
1415,1416
1416,1418
1417,1418
1418,1420
1419,1420
1420,1422
1421,1422
1422,1424
1423,1425
1424,1425
1425,1427
1426,1428
1427,1429
1428,1429
1429,1431
1430,1431
1431,1433
1432,1434
1433,1434
1434,1436
1435,1437
1436,1438
1437,1438
1438,1440
1439,1441
1440,1442
1441,1443
1442,1444
1443,1445
1444,1446
1445,1446
1446,1448
1447,1449
1448,1449
1449,1451
1450,1452
1451,1452
1452,1454
1453,1455
1454,1455
1455,1455
1456,1458
1457,1459
1458,1459
1459,1459
1460,1462
1461,1462
1462,1464
1463,1465
1464,1465
1465,1465
1466,1468
1467,1468
1468,1470
1469,1470
1470,1472
1471,1473
1472,1474
1473,1474
1474,1476
1475,1476
1476,1478
1477,1479
1478,1480
1479,1481
1480,1482
1481,1483
1482,1484
1483,1484
1484,1486
1485,1487
1486,1488
1487,1488
1488,1490
1489,1490
1490,1490
1491,1493
1492,1494
1493,1495
1494,1495
1495,1497
1496,1498
1497,1499
1498,1500
1499,1500
